capture_id,product,viewport,page_area,state,source_url,final_url,page_title,filename,absolute_path,captured_at_local,width_px,height_px,file_size_bytes,document_scroll_width,document_scroll_height,auto_scroll_iterations,reached_bottom,popup_action,authentication_state,status,attempt_count,failure_reason,related_pa1_figure,related_pa1_use_case,notes_factual_only
"fifa-01-homepage-desktop","fifa","desktop","homepage","homepage","https://www.fifa.com/en","https://www.fifa.com/en","FIFA | The Home of Football","fifa-01-homepage-desktop.png","C:\Users\Administrator\Documents\MEGA\tkgd\PA2\capture-work\fifa\desktop\fifa-01-homepage-desktop.png","2026-07-30 14:45:36 +07:00","1440","9032","4591249","1440","9032","16","true","Reject All","PUBLIC","SUCCESS","1","","F-01","F-UC1","Popup action: Reject All."
"fifa-02-global-navigation-desktop","fifa","desktop","global navigation","default","https://www.fifa.com/en","https://www.fifa.com/en","FIFA | The Home of Football","fifa-02-global-navigation-desktop.png","C:\Users\Administrator\Documents\MEGA\tkgd\PA2\capture-work\fifa\desktop\fifa-02-global-navigation-desktop.png","2026-07-30 14:46:28 +07:00","1440","9004","4750428","1440","9004","14","true","Reject All","PUBLIC","SUCCESS","1","","F-02","","Popup action: Reject All."
"fifa-03-homepage-hero-desktop","fifa","desktop","homepage hero","default","https://www.fifa.com/en","https://www.fifa.com/en","FIFA | The Home of Football","fifa-03-homepage-hero-desktop.png","C:\Users\Administrator\Documents\MEGA\tkgd\PA2\capture-work\fifa\desktop\fifa-03-homepage-hero-desktop.png","2026-07-30 14:47:07 +07:00","1440","9004","4750428","1440","9004","17","true","Reject All","PUBLIC","SUCCESS","1","","F-01","","Popup action: Reject All."
"fifa-06-match-centre","fifa","desktop","Match Centre","default","https://www.fifa.com/en/match-centre","https://www.fifa.com/en/match-centre","Match Centre","fifa-06-match-centre.png","C:\Users\Administrator\Documents\MEGA\tkgd\PA2\capture-work\fifa\desktop\fifa-06-match-centre.png","2026-07-30 14:47:35 +07:00","1440","2380","262238","1440","2380","4","true","Reject All","PUBLIC","SUCCESS","1","","F-04","F-UC1","Popup action: Reject All."
"fifa-07-match-centre-today","fifa","desktop","Match Centre","Today","https://www.fifa.com/en/match-centre","https://www.fifa.com/en/match-centre","Match Centre","fifa-07-match-centre-today.png","C:\Users\Administrator\Documents\MEGA\tkgd\PA2\capture-work\fifa\desktop\fifa-07-match-centre-today.png","2026-07-30 14:48:10 +07:00","1440","2365","290653","1440","2365","4","true","Reject All","PUBLIC","MISSING_CURRENT_STATE","1","clickRole unavailable: locator.waitFor: Timeout 8000ms exceeded.","","F-UC1","Popup action: Reject All."
"fifa-08-match-centre-live","fifa","desktop","Match Centre","Live","https://www.fifa.com/en/match-centre","https://www.fifa.com/en/match-centre","Match Centre","fifa-08-match-centre-live.png","C:\Users\Administrator\Documents\MEGA\tkgd\PA2\capture-work\fifa\desktop\fifa-08-match-centre-live.png","2026-07-30 14:48:45 +07:00","1440","2365","305479","1440","2365","4","true","Reject All","PUBLIC","MISSING_CURRENT_STATE","1","clickRole unavailable: locator.waitFor: Timeout 8000ms exceeded.","","F-UC2","Popup action: Reject All."
"fifa-09-match-centre-results","fifa","desktop","Match Centre","Results","https://www.fifa.com/en/match-centre","https://www.fifa.com/en/match-centre","Match Centre","fifa-09-match-centre-results.png","C:\Users\Administrator\Documents\MEGA\tkgd\PA2\capture-work\fifa\desktop\fifa-09-match-centre-results.png","2026-07-30 14:49:19 +07:00","1440","2365","305479","1440","2365","4","true","Reject All","PUBLIC","MISSING_CURRENT_STATE","1","clickRole unavailable: locator.waitFor: Timeout 8000ms exceeded.","","F-UC2","Popup action: Reject All."
"fifa-10-match-centre-filters","fifa","desktop","Match Centre","filters open","https://www.fifa.com/en/match-centre","https://www.fifa.com/en/match-centre","Match Centre","fifa-10-match-centre-filters.png","C:\Users\Administrator\Documents\MEGA\tkgd\PA2\capture-work\fifa\desktop\fifa-10-match-centre-filters.png","2026-07-30 14:49:47 +07:00","1440","2380","239833","1440","2380","4","true","Reject All","PUBLIC","SUCCESS","1","","F-04","","Popup action: Reject All."
"fifa-11-search-page","fifa","desktop","search","query loaded","https://www.fifa.com/en/search?q=world%20cup","https://www.fifa.com/en/search?q=world+cup","","fifa-11-search-page.png","C:\Users\Administrator\Documents\MEGA\tkgd\PA2\capture-work\fifa\desktop\fifa-11-search-page.png","2026-07-30 14:50:14 +07:00","1440","5699","2423213","1440","5699","6","true","Reject All","PUBLIC","SUCCESS","1","","F-05","F-UC5","Popup action: Reject All. Page final URL: https://www.fifa.com/en/search?q=world+cup."
"fifa-12-search-results-mixed-content","fifa","desktop","search results","multiple content types","https://www.fifa.com/en/search?q=world%20cup","https://www.fifa.com/en/search?q=world+cup","","fifa-12-search-results-mixed-content.png","C:\Users\Administrator\Documents\MEGA\tkgd\PA2\capture-work\fifa\desktop\fifa-12-search-results-mixed-content.png","2026-07-30 14:50:42 +07:00","1440","5699","2420825","1440","5699","6","true","Reject All","PUBLIC","SUCCESS","1","","F-05","F-UC5","Popup action: Reject All. Page final URL: https://www.fifa.com/en/search?q=world+cup."
"fifa-13-news-article-full","fifa","desktop","news article","full article","https://inside.fifa.com/tournament-organisation/commercial/media-releases/world-cup-26-ticketing-programme-launch-september","https://inside.fifa.com/tournament-organisation/commercial/media-releases/world-cup-26-ticketing-programme-launch-september","FIFA World Cup 26™ Ticketing Programme launches this September","fifa-13-news-article-full.png","C:\Users\Administrator\Documents\MEGA\tkgd\PA2\capture-work\fifa\desktop\fifa-13-news-article-full.png","2026-07-30 14:51:09 +07:00","1440","5265","1768835","1440","5265","4","true","Reject All","PUBLIC","SUCCESS","1","","F-06","F-UC3","Popup action: Reject All."
"fifa-14-article-header","fifa","desktop","article header","default","https://inside.fifa.com/tournament-organisation/commercial/media-releases/world-cup-26-ticketing-programme-launch-september","https://inside.fifa.com/tournament-organisation/commercial/media-releases/world-cup-26-ticketing-programme-launch-september","FIFA World Cup 26™ Ticketing Programme launches this September","fifa-14-article-header.png","C:\Users\Administrator\Documents\MEGA\tkgd\PA2\capture-work\fifa\desktop\fifa-14-article-header.png","2026-07-30 14:51:35 +07:00","1440","5265","1773534","1440","5265","4","true","Reject All","PUBLIC","SUCCESS","1","","F-06","F-UC3","Popup action: Reject All."
"fifa-15-article-body","fifa","desktop","article body","loaded","https://inside.fifa.com/tournament-organisation/commercial/media-releases/world-cup-26-ticketing-programme-launch-september","https://inside.fifa.com/tournament-organisation/commercial/media-releases/world-cup-26-ticketing-programme-launch-september","FIFA World Cup 26™ Ticketing Programme launches this September","fifa-15-article-body.png","C:\Users\Administrator\Documents\MEGA\tkgd\PA2\capture-work\fifa\desktop\fifa-15-article-body.png","2026-07-30 14:52:02 +07:00","1440","5265","1773534","1440","5265","4","true","Reject All","PUBLIC","SUCCESS","1","","F-06","F-UC3","Popup action: Reject All."
"fifa-16-tournament-landing","fifa","desktop","tournament","landing","https://www.fifa.com/en/tournaments/mens/worldcup/canadamexicousa2026","https://www.fifa.com/en/tournaments/mens/worldcup/canadamexicousa2026","FIFA World Cup 2026™","fifa-16-tournament-landing.png","C:\Users\Administrator\Documents\MEGA\tkgd\PA2\capture-work\fifa\desktop\fifa-16-tournament-landing.png","2026-07-30 14:52:35 +07:00","1440","11554","4848550","1440","11554","20","true","Reject All","PUBLIC","SUCCESS","1","","F-07","F-UC4","Popup action: Reject All."
"fifa-17-tournament-after-modal-dismiss","fifa","desktop","tournament","after modal dismissed","https://www.fifa.com/en/tournaments/mens/worldcup/canadamexicousa2026","https://www.fifa.com/en/tournaments/mens/worldcup/canadamexicousa2026","FIFA World Cup 2026™","fifa-17-tournament-after-modal-dismiss.png","C:\Users\Administrator\Documents\MEGA\tkgd\PA2\capture-work\fifa\desktop\fifa-17-tournament-after-modal-dismiss.png","2026-07-30 14:53:09 +07:00","1440","11561","5935266","1440","11561","19","true","Reject All","PUBLIC","SUCCESS","1","","F-07","F-UC4","Popup action: Reject All."
"fifa-18-tournament-subnavigation","fifa","desktop","tournament subnavigation","default","https://www.fifa.com/en/tournaments/mens/worldcup/canadamexicousa2026","https://www.fifa.com/en/tournaments/mens/worldcup/canadamexicousa2026","FIFA World Cup 2026™","fifa-18-tournament-subnavigation.png","C:\Users\Administrator\Documents\MEGA\tkgd\PA2\capture-work\fifa\desktop\fifa-18-tournament-subnavigation.png","2026-07-30 14:53:43 +07:00","1440","11561","6336888","1440","11561","18","true","Reject All","PUBLIC","SUCCESS","1","","F-07","","Popup action: Reject All."
"fifa-19-rankings","fifa","desktop","rankings","men ranking","https://inside.fifa.com/fifa-world-ranking/men","https://inside.fifa.com/fifa-rankings/world-ranking/men","FIFA/Coca-Cola Men's World Ranking","fifa-19-rankings.png","C:\Users\Administrator\Documents\MEGA\tkgd\PA2\capture-work\fifa\desktop\fifa-19-rankings.png","2026-07-30 14:54:11 +07:00","1440","5781","2644279","1440","5781","7","true","Reject All","PUBLIC","SUCCESS","1","","","","Popup action: Reject All. Page final URL: https://inside.fifa.com/fifa-rankings/world-ranking/men."
"fifa-20-tickets-hospitality-landing","fifa","desktop","Tickets and Hospitality","landing","https://www.fifa.com/en/tickets","https://www.fifa.com/en/tickets","TICKETS & HOSPITALITY","fifa-20-tickets-hospitality-landing.png","C:\Users\Administrator\Documents\MEGA\tkgd\PA2\capture-work\fifa\desktop\fifa-20-tickets-hospitality-landing.png","2026-07-30 14:54:42 +07:00","1440","5729","1970535","1440","5729","14","true","Reject All","PUBLIC","SUCCESS","1","","","F-UC4","Popup action: Reject All."
"fifa-21-tournament-logo-row","fifa","desktop","Tickets and Hospitality","tournament logo row","https://www.fifa.com/en/tickets","https://www.fifa.com/en/tickets","TICKETS & HOSPITALITY","fifa-21-tournament-logo-row.png","C:\Users\Administrator\Documents\MEGA\tkgd\PA2\capture-work\fifa\desktop\fifa-21-tournament-logo-row.png","2026-07-30 14:55:21 +07:00","1440","5729","1970535","1440","5729","14","true","Reject All","PUBLIC","MISSING_CURRENT_STATE","1","waitForText unavailable: locator.waitFor: Timeout 10000ms exceeded.","","","Popup action: Reject All."
"fifa-22-ticket-card","fifa","desktop","ticket card","current","https://www.fifa.com/en/tickets","https://www.fifa.com/en/tickets","TICKETS & HOSPITALITY","fifa-22-ticket-card.png","C:\Users\Administrator\Documents\MEGA\tkgd\PA2\capture-work\fifa\desktop\fifa-22-ticket-card.png","2026-07-30 14:56:01 +07:00","1440","5729","1970535","1440","5729","14","true","Reject All","PUBLIC","MISSING_CURRENT_STATE","1","waitForText unavailable: locator.waitFor: Timeout 10000ms exceeded.","","","Popup action: Reject All."
"fifa-23-hospitality-card","fifa","desktop","hospitality card","current","https://www.fifa.com/en/tickets","https://www.fifa.com/en/tickets","TICKETS & HOSPITALITY","fifa-23-hospitality-card.png","C:\Users\Administrator\Documents\MEGA\tkgd\PA2\capture-work\fifa\desktop\fifa-23-hospitality-card.png","2026-07-30 14:56:40 +07:00","1440","5729","1970535","1440","5729","13","true","Reject All","PUBLIC","MISSING_CURRENT_STATE","1","waitForText unavailable: locator.waitFor: Timeout 10000ms exceeded.","","","Popup action: Reject All."
"fifa-24-explore-details-state","fifa","desktop","ticket CTA","Explore details","https://www.fifa.com/en/tickets","https://www.fifa.com/en/tickets","TICKETS & HOSPITALITY","fifa-24-explore-details-state.png","C:\Users\Administrator\Documents\MEGA\tkgd\PA2\capture-work\fifa\desktop\fifa-24-explore-details-state.png","2026-07-30 14:57:20 +07:00","1440","5729","1970535","1440","5729","13","true","Reject All","PUBLIC","MISSING_CURRENT_STATE","1","waitForText unavailable: locator.waitFor: Timeout 10000ms exceeded.","","","Popup action: Reject All."
"fifa-25-buy-now-state","fifa","desktop","ticket CTA","Buy now","https://www.fifa.com/en/tickets","https://www.fifa.com/en/tickets","TICKETS & HOSPITALITY","fifa-25-buy-now-state.png","C:\Users\Administrator\Documents\MEGA\tkgd\PA2\capture-work\fifa\desktop\fifa-25-buy-now-state.png","2026-07-30 14:57:49 +07:00","1440","5729","1970535","1440","5729","12","true","Reject All","PUBLIC","SUCCESS","1","","","","Popup action: Reject All."
"fifa-26-buy-packages-now-state","fifa","desktop","hospitality CTA","Buy Packages Now","https://www.fifa.com/en/tickets","https://www.fifa.com/en/tickets","TICKETS & HOSPITALITY","fifa-26-buy-packages-now-state.png","C:\Users\Administrator\Documents\MEGA\tkgd\PA2\capture-work\fifa\desktop\fifa-26-buy-packages-now-state.png","2026-07-30 14:58:28 +07:00","1440","5729","1970535","1440","5729","12","true","Reject All","PUBLIC","MISSING_CURRENT_STATE","1","waitForText unavailable: locator.waitFor: Timeout 10000ms exceeded.","","","Popup action: Reject All."
"fifa-27-register-interest-state","fifa","desktop","ticket CTA","Register your interest","https://www.fifa.com/en/tickets","https://www.fifa.com/en/tickets","TICKETS & HOSPITALITY","fifa-27-register-interest-state.png","C:\Users\Administrator\Documents\MEGA\tkgd\PA2\capture-work\fifa\desktop\fifa-27-register-interest-state.png","2026-07-30 14:58:58 +07:00","1440","5729","1970535","1440","5729","15","true","Reject All","PUBLIC","SUCCESS","1","","","","Popup action: Reject All."
"fifa-28-coming-soon-state","fifa","desktop","ticket availability","Coming soon","https://www.fifa.com/en/tickets","https://www.fifa.com/en/tickets","TICKETS & HOSPITALITY","fifa-28-coming-soon-state.png","C:\Users\Administrator\Documents\MEGA\tkgd\PA2\capture-work\fifa\desktop\fifa-28-coming-soon-state.png","2026-07-30 14:59:38 +07:00","1440","5729","1970535","1440","5729","12","true","Reject All","PUBLIC","MISSING_CURRENT_STATE","1","waitForText unavailable: locator.waitFor: Timeout 10000ms exceeded.","","","Popup action: Reject All."
"fifa-29-sold-out-state","fifa","desktop","ticket availability","Sold out","https://www.fifa.com/en/tickets","https://www.fifa.com/en/tickets","TICKETS & HOSPITALITY","fifa-29-sold-out-state.png","C:\Users\Administrator\Documents\MEGA\tkgd\PA2\capture-work\fifa\desktop\fifa-29-sold-out-state.png","2026-07-30 15:00:17 +07:00","1440","5729","1970535","1440","5729","13","true","Reject All","PUBLIC","MISSING_CURRENT_STATE","1","waitForText unavailable: locator.waitFor: Timeout 10000ms exceeded.","","","Popup action: Reject All."
"fifa-30-waiting-room-state","fifa","desktop","ticket availability","Waiting room","https://www.fifa.com/en/tickets","https://www.fifa.com/en/tickets","TICKETS & HOSPITALITY","fifa-30-waiting-room-state.png","C:\Users\Administrator\Documents\MEGA\tkgd\PA2\capture-work\fifa\desktop\fifa-30-waiting-room-state.png","2026-07-30 15:00:57 +07:00","1440","5729","1970535","1440","5729","14","true","Reject All","PUBLIC","MISSING_CURRENT_STATE","1","waitForText unavailable: locator.waitFor: Timeout 10000ms exceeded.","","","Popup action: Reject All."
"fifa-31-resale-state","fifa","desktop","ticket availability","Resale","https://www.fifa.com/en/tickets","https://www.fifa.com/en/tickets","TICKETS & HOSPITALITY","fifa-31-resale-state.png","C:\Users\Administrator\Documents\MEGA\tkgd\PA2\capture-work\fifa\desktop\fifa-31-resale-state.png","2026-07-30 15:01:37 +07:00","1440","5729","1970535","1440","5729","14","true","Reject All","PUBLIC","MISSING_CURRENT_STATE","1","waitForText unavailable: locator.waitFor: Timeout 10000ms exceeded.","","","Popup action: Reject All."
"fifa-32-before-partner-handoff","fifa","desktop","ticket handoff","before partner handoff","https://www.fifa.com/en/tickets","https://www.fifa.com/en/tickets","TICKETS & HOSPITALITY","fifa-32-before-partner-handoff.png","C:\Users\Administrator\Documents\MEGA\tkgd\PA2\capture-work\fifa\desktop\fifa-32-before-partner-handoff.png","2026-07-30 15:02:07 +07:00","1440","5729","1970535","1440","5729","14","true","Reject All","PUBLIC","SUCCESS","1","","","","Popup action: Reject All."
"fifa-33-partner-after-public-redirect","fifa","desktop","ticket partner","after redirect","https://www.fifa.com/en/tickets","https://www.fifa.com/en/tickets","TICKETS & HOSPITALITY","fifa-33-partner-after-public-redirect.png","C:\Users\Administrator\Documents\MEGA\tkgd\PA2\capture-work\fifa\desktop\fifa-33-partner-after-public-redirect.png","2026-07-30 15:02:41 +07:00","1440","5729","1974126","1440","5729","13","true","Reject All","PUBLIC","SUCCESS","1","","","","Popup action: Reject All."
"fifa-34-fifa-plus-entry","fifa","desktop","FIFA+ entry","FIFA.com entry","https://www.fifa.com/en/fifa-plus","https://www.fifa.com/en/fifa-plus","","fifa-34-fifa-plus-entry.png","C:\Users\Administrator\Documents\MEGA\tkgd\PA2\capture-work\fifa\desktop\fifa-34-fifa-plus-entry.png","2026-07-30 15:03:06 +07:00","1440","1000","993316","1440","1000","4","true","Reject All","PUBLIC","SUCCESS","1","","F-10B","","Popup action: Reject All."
"fifa-35-fifa-plus-dazn-landing","fifa","desktop","FIFA+","landing","https://www.plus.fifa.com/","https://www.dazn.com/en-VN/competition/Competition:50kvbmxi5r9amj2e39hznggqj","DAZN | FIFA+","fifa-35-fifa-plus-dazn-landing.png","C:\Users\Administrator\Documents\MEGA\tkgd\PA2\capture-work\fifa\desktop\fifa-35-fifa-plus-dazn-landing.png","2026-07-30 15:03:26 +07:00","1440","5252","6196802","1440","5252","5","true","Accept","PUBLIC","SUCCESS","1","","F-10B","","Popup action: Accept. Page final URL: https://www.dazn.com/en-VN/competition/Competition:50kvbmxi5r9amj2e39hznggqj."
"fifa-36-fifa-plus-cookie-before-dismiss","fifa","desktop","FIFA+ cookie banner","before dismiss","https://www.plus.fifa.com/","https://www.dazn.com/en-VN/competition/Competition:50kvbmxi5r9amj2e39hznggqj","DAZN | FIFA+","fifa-36-fifa-plus-cookie-before-dismiss.png","C:\Users\Administrator\Documents\MEGA\tkgd\PA2\capture-work\fifa\desktop\fifa-36-fifa-plus-cookie-before-dismiss.png","2026-07-30 15:03:41 +07:00","1440","6405","7553005","1440","6405","5","true","Retained before screenshot: ^accept$","PUBLIC","SUCCESS","1","","F-10B","","Popup action: Retained before screenshot: ^accept$. Page final URL: https://www.dazn.com/en-VN/competition/Competition:50kvbmxi5r9amj2e39hznggqj."
"fifa-37-fifa-plus-after-cookie-dismiss","fifa","desktop","FIFA+","after cookie dismiss","https://www.plus.fifa.com/","https://www.dazn.com/en-VN/competition/Competition:50kvbmxi5r9amj2e39hznggqj","DAZN | FIFA+","fifa-37-fifa-plus-after-cookie-dismiss.png","C:\Users\Administrator\Documents\MEGA\tkgd\PA2\capture-work\fifa\desktop\fifa-37-fifa-plus-after-cookie-dismiss.png","2026-07-30 15:03:58 +07:00","1440","6405","7806673","1440","6405","5","true","Accept","PUBLIC","SUCCESS","1","","F-10B","","Popup action: Accept. Page final URL: https://www.dazn.com/en-VN/competition/Competition:50kvbmxi5r9amj2e39hznggqj."
"fifa-38-fifa-plus-hero","fifa","desktop","FIFA+ hero","loaded","https://www.plus.fifa.com/","https://www.dazn.com/en-VN/competition/Competition:50kvbmxi5r9amj2e39hznggqj","DAZN | FIFA+","fifa-38-fifa-plus-hero.png","C:\Users\Administrator\Documents\MEGA\tkgd\PA2\capture-work\fifa\desktop\fifa-38-fifa-plus-hero.png","2026-07-30 15:04:16 +07:00","1440","6405","7806673","1440","6405","5","true","Accept","PUBLIC","SUCCESS","1","","F-10B","","Popup action: Accept. Page final URL: https://www.dazn.com/en-VN/competition/Competition:50kvbmxi5r9amj2e39hznggqj."
"fifa-39-fifa-plus-live-rail","fifa","desktop","FIFA+ rail","Live","https://www.plus.fifa.com/","https://www.dazn.com/en-VN/competition/Competition:50kvbmxi5r9amj2e39hznggqj","DAZN | FIFA+","fifa-39-fifa-plus-live-rail.png","C:\Users\Administrator\Documents\MEGA\tkgd\PA2\capture-work\fifa\desktop\fifa-39-fifa-plus-live-rail.png","2026-07-30 15:04:42 +07:00","1440","6405","7806673","1440","6405","5","true","Accept","PUBLIC","MISSING_CURRENT_STATE","1","waitForText unavailable: locator.waitFor: Timeout 10000ms exceeded.","","","Popup action: Accept. Page final URL: https://www.dazn.com/en-VN/competition/Competition:50kvbmxi5r9amj2e39hznggqj."
"fifa-40-fifa-plus-highlights-rail","fifa","desktop","FIFA+ rail","Highlights","https://www.plus.fifa.com/","https://www.dazn.com/en-VN/competition/Competition:50kvbmxi5r9amj2e39hznggqj","DAZN | FIFA+","fifa-40-fifa-plus-highlights-rail.png","C:\Users\Administrator\Documents\MEGA\tkgd\PA2\capture-work\fifa\desktop\fifa-40-fifa-plus-highlights-rail.png","2026-07-30 15:05:01 +07:00","1440","6405","7806673","1440","6405","5","true","Accept","PUBLIC","SUCCESS","1","","","","Popup action: Accept. Page final URL: https://www.dazn.com/en-VN/competition/Competition:50kvbmxi5r9amj2e39hznggqj."
"fifa-41-fifa-plus-documentary-rail","fifa","desktop","FIFA+ rail","Documentary","https://www.plus.fifa.com/","https://www.dazn.com/en-VN/competition/Competition:50kvbmxi5r9amj2e39hznggqj","DAZN | FIFA+","fifa-41-fifa-plus-documentary-rail.png","C:\Users\Administrator\Documents\MEGA\tkgd\PA2\capture-work\fifa\desktop\fifa-41-fifa-plus-documentary-rail.png","2026-07-30 15:05:27 +07:00","1440","6405","7806673","1440","6405","5","true","Accept","PUBLIC","MISSING_CURRENT_STATE","1","waitForText unavailable: locator.waitFor: Timeout 10000ms exceeded.","","","Popup action: Accept. Page final URL: https://www.dazn.com/en-VN/competition/Competition:50kvbmxi5r9amj2e39hznggqj."
"fifa-42-fifa-plus-competition-rail","fifa","desktop","FIFA+ rail","Competition","https://www.plus.fifa.com/","https://www.dazn.com/en-VN/competition/Competition:50kvbmxi5r9amj2e39hznggqj","DAZN | FIFA+","fifa-42-fifa-plus-competition-rail.png","C:\Users\Administrator\Documents\MEGA\tkgd\PA2\capture-work\fifa\desktop\fifa-42-fifa-plus-competition-rail.png","2026-07-30 15:05:46 +07:00","1440","6405","7806673","1440","6405","5","true","Accept","PUBLIC","SUCCESS","1","","","","Popup action: Accept. Page final URL: https://www.dazn.com/en-VN/competition/Competition:50kvbmxi5r9amj2e39hznggqj."
"fifa-43-fifa-plus-archive-rail","fifa","desktop","FIFA+ rail","Archive","https://www.plus.fifa.com/","https://www.dazn.com/en-VN/competition/Competition:50kvbmxi5r9amj2e39hznggqj","DAZN | FIFA+","fifa-43-fifa-plus-archive-rail.png","C:\Users\Administrator\Documents\MEGA\tkgd\PA2\capture-work\fifa\desktop\fifa-43-fifa-plus-archive-rail.png","2026-07-30 15:06:04 +07:00","1440","6405","7806673","1440","6405","5","true","Accept","PUBLIC","SUCCESS","1","","","","Popup action: Accept. Page final URL: https://www.dazn.com/en-VN/competition/Competition:50kvbmxi5r9amj2e39hznggqj."
"fifa-44-footer","fifa","desktop","footer","default","https://www.fifa.com/en","https://www.fifa.com/en","FIFA | The Home of Football","fifa-44-footer.png","C:\Users\Administrator\Documents\MEGA\tkgd\PA2\capture-work\fifa\desktop\fifa-44-footer.png","2026-07-30 15:06:41 +07:00","1440","9004","4750428","1440","9004","16","true","Reject All","PUBLIC","SUCCESS","1","","F-09B","","Popup action: Reject All."
"fifa-45-footer-ecosystem-navigation","fifa","desktop","footer ecosystem navigation","default","https://www.fifa.com/en","https://www.fifa.com/en","FIFA | The Home of Football","fifa-45-footer-ecosystem-navigation.png","C:\Users\Administrator\Documents\MEGA\tkgd\PA2\capture-work\fifa\desktop\fifa-45-footer-ecosystem-navigation.png","2026-07-30 15:07:28 +07:00","1440","9004","4775726","1440","9004","16","true","Reject All","PUBLIC","MISSING_CURRENT_STATE","1","waitForText unavailable: locator.waitFor: Timeout 10000ms exceeded.","F-09B","","Popup action: Reject All."
"fifa-46-store-page","fifa","desktop","Store","public landing","https://store.fifa.com/","https://store.fifa.com/","Official FIFA Store - The Home of Official FIFA World Cup 2026 Jerseys – FIFA Official Store","fifa-46-store-page.png","C:\Users\Administrator\Documents\MEGA\tkgd\PA2\capture-work\fifa\desktop\fifa-46-store-page.png","2026-07-30 15:07:58 +07:00","1440","6026","3015861","1430","6026","6","true","Accept Cookies","PUBLIC","SUCCESS","1","","F-09B","","Popup action: Accept Cookies."
"fifa-47-collect-page","fifa","desktop","Collect","public landing","https://collect.fifa.com/","https://collect.fifa.com/","FIFA Collect - FIFA's Official digital collectibles platform","fifa-47-collect-page.png","C:\Users\Administrator\Documents\MEGA\tkgd\PA2\capture-work\fifa\desktop\fifa-47-collect-page.png","2026-07-30 15:08:33 +07:00","1440","7187","4566050","1440","7187","8","true","Reject All","PUBLIC","SUCCESS","1","","F-09B","","Popup action: Reject All."
"fifa-48-rewards-page","fifa","desktop","Rewards","public landing","https://www.fifa.com/en/rewards","https://www.fifa.com/en/rewards","Home | FIFA Rewards","fifa-48-rewards-page.png","C:\Users\Administrator\Documents\MEGA\tkgd\PA2\capture-work\fifa\desktop\fifa-48-rewards-page.png","2026-07-30 15:09:02 +07:00","1440","3673","430561","1440","3673","10","true","Reject All","PUBLIC","SUCCESS","1","","F-09B","","Popup action: Reject All."
"fifa-53-promotional-popup","fifa","desktop","promotional popup","naturally appeared","https://www.fifa.com/en/tournaments/mens/worldcup/canadamexicousa2026","https://www.fifa.com/en/tournaments/mens/worldcup/canadamexicousa2026","FIFA World Cup 2026™","fifa-53-promotional-popup.png","C:\Users\Administrator\Documents\MEGA\tkgd\PA2\capture-work\fifa\desktop\fifa-53-promotional-popup.png","2026-07-30 15:09:35 +07:00","1440","11554","6541775","1440","11554","20","true","Retained before screenshot: reject all","PUBLIC","SUCCESS","1","","F-07","","Popup action: Retained before screenshot: reject all."
"fifa-54-cookie-banner","fifa","desktop","cookie banner","naturally appeared","https://www.fifa.com/en","https://www.fifa.com/en","FIFA | The Home of Football","fifa-54-cookie-banner.png","C:\Users\Administrator\Documents\MEGA\tkgd\PA2\capture-work\fifa\desktop\fifa-54-cookie-banner.png","2026-07-30 15:10:10 +07:00","1440","9004","4654850","1440","9004","16","true","Retained before screenshot: reject all","PUBLIC","SUCCESS","1","","","","Popup action: Retained before screenshot: reject all."
"fifa-04-homepage-mobile","fifa","mobile","homepage","default","https://www.fifa.com/en","https://www.fifa.com/en","FIFA | The Home of Football","fifa-04-homepage-mobile.png","C:\Users\Administrator\Documents\MEGA\tkgd\PA2\capture-work\fifa\mobile\fifa-04-homepage-mobile.png","2026-07-30 15:11:02 +07:00","390","8383","1322692","390","8383","15","true","Reject All","PUBLIC","SUCCESS","1","","F-03","","Popup action: Reject All."
"fifa-05-mobile-navigation-open","fifa","mobile","global navigation","menu open","https://www.fifa.com/en","https://www.fifa.com/en","FIFA | The Home of Football","fifa-05-mobile-navigation-open.png","C:\Users\Administrator\Documents\MEGA\tkgd\PA2\capture-work\fifa\mobile\fifa-05-mobile-navigation-open.png","2026-07-30 15:11:46 +07:00","390","8383","1322616","390","8383","14","true","Reject All","PUBLIC","MISSING_CURRENT_STATE","1","clickRole unavailable: locator.click: Timeout 8000ms exceeded.","F-03","","Popup action: Reject All."
"fifa-49-match-centre-mobile","fifa","mobile","Match Centre","mobile","https://www.fifa.com/en/match-centre","https://www.fifa.com/en/match-centre","Match Centre","fifa-49-match-centre-mobile.png","C:\Users\Administrator\Documents\MEGA\tkgd\PA2\capture-work\fifa\mobile\fifa-49-match-centre-mobile.png","2026-07-30 15:12:13 +07:00","390","3580","161757","390","3580","4","true","Reject All","PUBLIC","SUCCESS","1","","F-04","F-UC1","Popup action: Reject All."
"fifa-50-article-mobile","fifa","mobile","news article","mobile","https://inside.fifa.com/tournament-organisation/commercial/media-releases/world-cup-26-ticketing-programme-launch-september","https://inside.fifa.com/tournament-organisation/commercial/media-releases/world-cup-26-ticketing-programme-launch-september","FIFA World Cup 26™ Ticketing Programme launches this September","fifa-50-article-mobile.png","C:\Users\Administrator\Documents\MEGA\tkgd\PA2\capture-work\fifa\mobile\fifa-50-article-mobile.png","2026-07-30 15:12:40 +07:00","390","6515","700261","390","6515","5","true","Reject All","PUBLIC","SUCCESS","1","","F-06","F-UC3","Popup action: Reject All."
"fifa-51-tickets-mobile","fifa","mobile","Tickets and Hospitality","mobile","https://www.fifa.com/en/tickets","https://www.fifa.com/en/tickets","TICKETS & HOSPITALITY","fifa-51-tickets-mobile.png","C:\Users\Administrator\Documents\MEGA\tkgd\PA2\capture-work\fifa\mobile\fifa-51-tickets-mobile.png","2026-07-30 15:13:08 +07:00","390","4985","599296","390","4985","11","true","Reject All","PUBLIC","SUCCESS","1","","","","Popup action: Reject All."
"fifa-52-fifa-plus-entry-mobile","fifa","mobile","FIFA+ entry","mobile","https://www.fifa.com/en/fifa-plus","https://www.fifa.com/en/fifa-plus","","fifa-52-fifa-plus-entry-mobile.png","C:\Users\Administrator\Documents\MEGA\tkgd\PA2\capture-work\fifa\mobile\fifa-52-fifa-plus-entry-mobile.png","2026-07-30 15:13:34 +07:00","390","844","247194","390","844","4","true","Reject All","PUBLIC","SUCCESS","1","","F-10B","","Popup action: Reject All."
"chess-01-homepage-desktop","chess","desktop","homepage","default","https://www.chess.com/","https://www.chess.com/","Chess.com - Play Chess Online - Free Games","chess-01-homepage-desktop.png","C:\Users\Administrator\Documents\MEGA\tkgd\PA2\capture-work\chess\desktop\chess-01-homepage-desktop.png","2026-07-30 15:14:12 +07:00","1440","3920","1108202","1440","3920","4","true","None","PUBLIC","SUCCESS","1","","C-01","",""
"chess-02-side-navigation-desktop","chess","desktop","side navigation","default","https://www.chess.com/","https://www.chess.com/","Chess.com - Play Chess Online - Free Games","chess-02-side-navigation-desktop.png","C:\Users\Administrator\Documents\MEGA\tkgd\PA2\capture-work\chess\desktop\chess-02-side-navigation-desktop.png","2026-07-30 15:14:36 +07:00","1440","3920","1108840","1440","3920","4","true","None","PUBLIC","SUCCESS","1","","C-06","",""
"chess-05-play-entry","chess","desktop","Play","entry","https://www.chess.com/play/online","https://www.chess.com/play/online","Play Chess Online for FREE - 2 Player Chess - Chess.com","chess-05-play-entry.png","C:\Users\Administrator\Documents\MEGA\tkgd\PA2\capture-work\chess\desktop\chess-05-play-entry.png","2026-07-30 15:15:04 +07:00","1440","1000","301736","1440","1000","4","true","None","PUBLIC","SUCCESS","1","","C-02","C-UC1",""
"chess-06-time-control-selector","chess","desktop","Play","time-control selector open","https://www.chess.com/play/online","https://www.chess.com/play/online","Play Chess Online for FREE - 2 Player Chess - Chess.com","chess-06-time-control-selector.png","C:\Users\Administrator\Documents\MEGA\tkgd\PA2\capture-work\chess\desktop\chess-06-time-control-selector.png","2026-07-30 15:15:40 +07:00","1440","1000","180486","1440","1000","4","true","None","PUBLIC","MISSING_CURRENT_STATE","1","clickRole unavailable: locator.waitFor: Timeout 8000ms exceeded.","","C-UC1",""
"chess-07-custom-game-settings","chess","desktop","Play","custom game settings","https://www.chess.com/play/online","https://www.chess.com/play/online","Play Chess Online for FREE - 2 Player Chess - Chess.com","chess-07-custom-game-settings.png","C:\Users\Administrator\Documents\MEGA\tkgd\PA2\capture-work\chess\desktop\chess-07-custom-game-settings.png","2026-07-30 15:16:08 +07:00","1440","1000","223178","1440","1000","4","true","None","PUBLIC","SUCCESS","1","","","",""
"chess-08-start-game-state","chess","desktop","Play","Start Game","https://www.chess.com/play/online","https://www.chess.com/play/online","Play Chess Online for FREE - 2 Player Chess - Chess.com","chess-08-start-game-state.png","C:\Users\Administrator\Documents\MEGA\tkgd\PA2\capture-work\chess\desktop\chess-08-start-game-state.png","2026-07-30 15:16:36 +07:00","1440","1000","209370","1440","1000","4","true","None","PUBLIC","SUCCESS","1","","","",""
"chess-09-guest-game","chess","desktop","game","guest","https://www.chess.com/play/online","https://www.chess.com/play/online","Play Chess Online for FREE - 2 Player Chess - Chess.com","chess-09-guest-game.png","C:\Users\Administrator\Documents\MEGA\tkgd\PA2\capture-work\chess\desktop\chess-09-guest-game.png","2026-07-30 15:17:13 +07:00","1440","1000","191677","1440","1000","4","true","None","GUEST","MISSING_CURRENT_STATE","1","waitForText unavailable: locator.waitFor: Timeout 10000ms exceeded.","","C-UC1",""
"chess-10-bot-game","chess","desktop","Play Computer","bot selection","https://www.chess.com/play/computer","https://www.chess.com/play/computer","Play Chess Online Against the Computer - Chess.com","chess-10-bot-game.png","C:\Users\Administrator\Documents\MEGA\tkgd\PA2\capture-work\chess\desktop\chess-10-bot-game.png","2026-07-30 15:17:41 +07:00","1440","1000","436377","1440","1000","4","true","^close$","PUBLIC","SUCCESS","1","","C-03","","Popup action: ^close$."
"chess-11-active-board","chess","desktop","board","active","https://www.chess.com/play/computer","https://www.chess.com/play/computer","Play Chess Online Against the Computer - Chess.com","chess-11-active-board.png","C:\Users\Administrator\Documents\MEGA\tkgd\PA2\capture-work\chess\desktop\chess-11-active-board.png","2026-07-30 15:18:13 +07:00","1440","1000","414599","1440","1000","4","true","^close$","PUBLIC","SUCCESS","1","","C-07","","Popup action: ^close$."
"chess-12-active-board-clock","chess","desktop","board","clock visible","https://www.chess.com/play/computer","https://www.chess.com/play/computer","Play Chess Online Against the Computer - Chess.com","chess-12-active-board-clock.png","C:\Users\Administrator\Documents\MEGA\tkgd\PA2\capture-work\chess\desktop\chess-12-active-board-clock.png","2026-07-30 15:18:51 +07:00","1440","1000","448128","1440","1000","4","true","^close$","PUBLIC","MISSING_CURRENT_STATE","1","waitForText unavailable: locator.waitFor: Timeout 10000ms exceeded.","C-07","","Popup action: ^close$."
"chess-13-last-move-indicator","chess","desktop","board","last move indicator","https://www.chess.com/play/computer","https://www.chess.com/play/computer","Play Chess Online Against the Computer - Chess.com","chess-13-last-move-indicator.png","C:\Users\Administrator\Documents\MEGA\tkgd\PA2\capture-work\chess\desktop\chess-13-last-move-indicator.png","2026-07-30 15:19:20 +07:00","1440","1000","369849","1440","1000","4","true","^close$","PUBLIC","SUCCESS","1","","C-07","","Popup action: ^close$."
"chess-14-legal-move-feedback","chess","desktop","board","legal move feedback","https://www.chess.com/play/computer","https://www.chess.com/play/computer","Play Chess Online Against the Computer - Chess.com","chess-14-legal-move-feedback.png","C:\Users\Administrator\Documents\MEGA\tkgd\PA2\capture-work\chess\desktop\chess-14-legal-move-feedback.png","2026-07-30 15:19:49 +07:00","1440","1000","481097","1440","1000","4","true","^close$","PUBLIC","SUCCESS","1","","C-07","","Popup action: ^close$."
"chess-15-draw-control","chess","desktop","game controls","Draw control","https://www.chess.com/play/computer","https://www.chess.com/play/computer","Play Chess Online Against the Computer - Chess.com","chess-15-draw-control.png","C:\Users\Administrator\Documents\MEGA\tkgd\PA2\capture-work\chess\desktop\chess-15-draw-control.png","2026-07-30 15:20:28 +07:00","1440","1000","363193","1440","1000","4","true","^close$","PUBLIC","MISSING_CURRENT_STATE","1","waitForText unavailable: locator.waitFor: Timeout 10000ms exceeded.","","","Popup action: ^close$."
"chess-16-resign-control","chess","desktop","game controls","Resign control","https://www.chess.com/play/computer","https://www.chess.com/play/computer","Play Chess Online Against the Computer - Chess.com","chess-16-resign-control.png","C:\Users\Administrator\Documents\MEGA\tkgd\PA2\capture-work\chess\desktop\chess-16-resign-control.png","2026-07-30 15:21:06 +07:00","1440","1000","375340","1440","1000","4","true","^close$","PUBLIC","MISSING_CURRENT_STATE","1","waitForText unavailable: locator.waitFor: Timeout 10000ms exceeded.","","","Popup action: ^close$."
"chess-17-settings-control","chess","desktop","game controls","Settings control","https://www.chess.com/play/computer","https://www.chess.com/play/computer","Play Chess Online Against the Computer - Chess.com","chess-17-settings-control.png","C:\Users\Administrator\Documents\MEGA\tkgd\PA2\capture-work\chess\desktop\chess-17-settings-control.png","2026-07-30 15:21:45 +07:00","1440","1000","369729","1440","1000","4","true","^close$","PUBLIC","MISSING_CURRENT_STATE","1","waitForText unavailable: locator.waitFor: Timeout 10000ms exceeded.","","","Popup action: ^close$."
"chess-18-board-side-panel","chess","desktop","board and side panel","default","https://www.chess.com/play/computer","https://www.chess.com/play/computer","Play Chess Online Against the Computer - Chess.com","chess-18-board-side-panel.png","C:\Users\Administrator\Documents\MEGA\tkgd\PA2\capture-work\chess\desktop\chess-18-board-side-panel.png","2026-07-30 15:22:13 +07:00","1440","1000","481242","1440","1000","4","true","^close$","PUBLIC","SUCCESS","1","","C-03","","Popup action: ^close$."
"chess-19-puzzle-landing","chess","desktop","Puzzles","landing","https://www.chess.com/puzzles","https://www.chess.com/puzzles","Chess Puzzles - 500k+ Problems to Improve Your Tactics - Chess.com","chess-19-puzzle-landing.png","C:\Users\Administrator\Documents\MEGA\tkgd\PA2\capture-work\chess\desktop\chess-19-puzzle-landing.png","2026-07-30 15:22:43 +07:00","1440","1000","365744","1440","1000","4","true","^close$","PUBLIC","SUCCESS","1","","C-04","C-UC2","Popup action: ^close$."
"chess-20-puzzle-before-move","chess","desktop","Puzzle","before move","https://www.chess.com/puzzles","https://www.chess.com/puzzles","Chess Puzzles - 500k+ Problems to Improve Your Tactics - Chess.com","chess-20-puzzle-before-move.png","C:\Users\Administrator\Documents\MEGA\tkgd\PA2\capture-work\chess\desktop\chess-20-puzzle-before-move.png","2026-07-30 15:23:14 +07:00","1440","1000","451228","1440","1000","4","true","^close$","PUBLIC","SUCCESS","1","","C-04A","C-UC2","Popup action: ^close$."
"chess-21-puzzle-after-correct","chess","desktop","Puzzle","after correct move","https://www.chess.com/puzzles","https://www.chess.com/puzzles","Chess Puzzles - 500k+ Problems to Improve Your Tactics - Chess.com","chess-21-puzzle-after-correct.png","C:\Users\Administrator\Documents\MEGA\tkgd\PA2\capture-work\chess\desktop\chess-21-puzzle-after-correct.png","2026-07-30 15:23:54 +07:00","1440","1000","367428","1440","1000","4","true","^close$","PUBLIC","MISSING_CURRENT_STATE","1","waitForText unavailable: locator.waitFor: Timeout 10000ms exceeded.","","","Popup action: ^close$."
"chess-22-puzzle-after-wrong","chess","desktop","Puzzle","after wrong move","https://www.chess.com/puzzles","https://www.chess.com/puzzles","Chess Puzzles - 500k+ Problems to Improve Your Tactics - Chess.com","chess-22-puzzle-after-wrong.png","C:\Users\Administrator\Documents\MEGA\tkgd\PA2\capture-work\chess\desktop\chess-22-puzzle-after-wrong.png","2026-07-30 15:24:36 +07:00","1440","1000","473015","1440","1000","4","true","^close$","PUBLIC","MISSING_CURRENT_STATE","1","waitForText unavailable: locator.waitFor: Timeout 10000ms exceeded.","","","Popup action: ^close$."
"chess-23-puzzle-feedback","chess","desktop","Puzzle","feedback","https://www.chess.com/puzzles","https://www.chess.com/puzzles","Chess Puzzles - 500k+ Problems to Improve Your Tactics - Chess.com","chess-23-puzzle-feedback.png","C:\Users\Administrator\Documents\MEGA\tkgd\PA2\capture-work\chess\desktop\chess-23-puzzle-feedback.png","2026-07-30 15:25:06 +07:00","1440","1000","379008","1440","1000","4","true","^close$","PUBLIC","SUCCESS","1","","","","Popup action: ^close$."
"chess-24-lessons-landing-loaded","chess","desktop","Lessons","cards loaded","https://www.chess.com/lessons","https://www.chess.com/lessons","Chess Lessons - Learn with Online Courses - Chess.com","chess-24-lessons-landing-loaded.png","C:\Users\Administrator\Documents\MEGA\tkgd\PA2\capture-work\chess\desktop\chess-24-lessons-landing-loaded.png","2026-07-30 15:25:36 +07:00","1440","6869","2709726","1425","6869","7","true","^close$","PUBLIC","SUCCESS","1","","C-05","C-UC3","Popup action: ^close$."
"chess-25-beginner-lesson","chess","desktop","Lesson","beginner lesson","https://www.chess.com/lessons","https://www.chess.com/lessons","Chess Lessons - Learn with Online Courses - Chess.com","chess-25-beginner-lesson.png","C:\Users\Administrator\Documents\MEGA\tkgd\PA2\capture-work\chess\desktop\chess-25-beginner-lesson.png","2026-07-30 15:26:15 +07:00","1440","6869","2500926","1425","6869","7","true","^close$","PUBLIC","MISSING_CURRENT_STATE","1","waitForText unavailable: locator.waitFor: Timeout 10000ms exceeded.","","C-UC3","Popup action: ^close$."
"chess-26-learn-page","chess","desktop","Learn","landing","https://www.chess.com/learn","https://www.chess.com/learn","Learn Chess Online: Lessons, Openings and more - Chess.com","chess-26-learn-page.png","C:\Users\Administrator\Documents\MEGA\tkgd\PA2\capture-work\chess\desktop\chess-26-learn-page.png","2026-07-30 15:26:44 +07:00","1440","1000","273799","1440","1000","4","true","^close$","PUBLIC","SUCCESS","1","","C-05","","Popup action: ^close$."
"chess-27-study-plan","chess","desktop","Study plan","article","https://www.chess.com/article/view/study-plan-directory","https://www.chess.com/article/view/study-plan-directory","Chess Study Plans for All Levels – Beginner to Master - Chess.com - Chess.com","chess-27-study-plan.png","C:\Users\Administrator\Documents\MEGA\tkgd\PA2\capture-work\chess\desktop\chess-27-study-plan.png","2026-07-30 15:27:13 +07:00","1440","6357","1420363","1425","6357","7","true","^close$","PUBLIC","SUCCESS","1","","","C-UC5","Popup action: ^close$."
"chess-28-game-review","chess","desktop","Game Review","entry","https://www.chess.com/analysis","https://www.chess.com/analysis","Chess Analysis Board and PGN Editor - Chess.com","chess-28-game-review.png","C:\Users\Administrator\Documents\MEGA\tkgd\PA2\capture-work\chess\desktop\chess-28-game-review.png","2026-07-30 15:27:39 +07:00","1440","1000","179290","1440","1000","4","true","None","PUBLIC","SUCCESS","1","","","C-UC4",""
"chess-29-analysis-board","chess","desktop","Analysis Board","default","https://www.chess.com/analysis","https://www.chess.com/analysis","Chess Analysis Board and PGN Editor - Chess.com","chess-29-analysis-board.png","C:\Users\Administrator\Documents\MEGA\tkgd\PA2\capture-work\chess\desktop\chess-29-analysis-board.png","2026-07-30 15:28:05 +07:00","1440","1000","179236","1440","1000","4","true","None","PUBLIC","SUCCESS","1","","","C-UC4",""
"chess-30-evaluation-bar","chess","desktop","Analysis Board","evaluation bar","https://www.chess.com/analysis","https://www.chess.com/analysis","Chess Analysis Board and PGN Editor - Chess.com","chess-30-evaluation-bar.png","C:\Users\Administrator\Documents\MEGA\tkgd\PA2\capture-work\chess\desktop\chess-30-evaluation-bar.png","2026-07-30 15:28:41 +07:00","1440","1000","179285","1440","1000","4","true","None","PUBLIC","MISSING_CURRENT_STATE","1","waitForText unavailable: locator.waitFor: Timeout 10000ms exceeded.","","",""
"chess-31-move-list","chess","desktop","Analysis Board","move list","https://www.chess.com/analysis","https://www.chess.com/analysis","Chess Analysis Board and PGN Editor - Chess.com","chess-31-move-list.png","C:\Users\Administrator\Documents\MEGA\tkgd\PA2\capture-work\chess\desktop\chess-31-move-list.png","2026-07-30 15:29:16 +07:00","1440","1000","179238","1440","1000","4","true","None","PUBLIC","MISSING_CURRENT_STATE","1","waitForText unavailable: locator.waitFor: Timeout 10000ms exceeded.","","",""
"chess-32-engine-lines","chess","desktop","Analysis Board","engine lines","https://www.chess.com/analysis","https://www.chess.com/analysis","Chess Analysis Board and PGN Editor - Chess.com","chess-32-engine-lines.png","C:\Users\Administrator\Documents\MEGA\tkgd\PA2\capture-work\chess\desktop\chess-32-engine-lines.png","2026-07-30 15:29:52 +07:00","1440","1000","179236","1440","1000","4","true","None","PUBLIC","MISSING_CURRENT_STATE","1","waitForText unavailable: locator.waitFor: Timeout 10000ms exceeded.","","",""
"chess-33-analysis-chart","chess","desktop","Analysis Board","chart","https://www.chess.com/analysis","https://www.chess.com/analysis","Chess Analysis Board and PGN Editor - Chess.com","chess-33-analysis-chart.png","C:\Users\Administrator\Documents\MEGA\tkgd\PA2\capture-work\chess\desktop\chess-33-analysis-chart.png","2026-07-30 15:30:18 +07:00","1440","1000","179285","1440","1000","4","true","None","PUBLIC","SUCCESS","1","","","",""
"chess-34-analysis-toolbar","chess","desktop","Analysis Board","toolbar","https://www.chess.com/analysis","https://www.chess.com/analysis","Chess Analysis Board and PGN Editor - Chess.com","chess-34-analysis-toolbar.png","C:\Users\Administrator\Documents\MEGA\tkgd\PA2\capture-work\chess\desktop\chess-34-analysis-toolbar.png","2026-07-30 15:30:44 +07:00","1440","1000","179238","1440","1000","4","true","None","PUBLIC","SUCCESS","1","","","",""
"chess-35-premium-limit-natural","chess","desktop","access prompt","premium limit naturally appeared","https://www.chess.com/lessons","https://www.chess.com/lessons","Chess Lessons - Learn with Online Courses - Chess.com","chess-35-premium-limit-natural.png","C:\Users\Administrator\Documents\MEGA\tkgd\PA2\capture-work\chess\desktop\chess-35-premium-limit-natural.png","2026-07-30 15:31:23 +07:00","1440","6869","2438582","1425","6869","7","true","^close$","PUBLIC","MISSING_CURRENT_STATE","1","waitForText unavailable: locator.waitFor: Timeout 10000ms exceeded.","","","Popup action: ^close$."
"chess-36-entitlement-message-natural","chess","desktop","access prompt","entitlement message naturally appeared","https://www.chess.com/lessons","https://www.chess.com/lessons","Chess Lessons - Learn with Online Courses - Chess.com","chess-36-entitlement-message-natural.png","C:\Users\Administrator\Documents\MEGA\tkgd\PA2\capture-work\chess\desktop\chess-36-entitlement-message-natural.png","2026-07-30 15:32:02 +07:00","1440","6869","2365200","1425","6869","7","true","^close$","PUBLIC","MISSING_CURRENT_STATE","1","waitForText unavailable: locator.waitFor: Timeout 10000ms exceeded.","","","Popup action: ^close$."
"chess-37-premove-setting","chess","desktop","board settings","premove setting","https://www.chess.com/play/computer","https://www.chess.com/play/computer","Play Chess Online Against the Computer - Chess.com","chess-37-premove-setting.png","C:\Users\Administrator\Documents\MEGA\tkgd\PA2\capture-work\chess\desktop\chess-37-premove-setting.png","2026-07-30 15:32:40 +07:00","1440","1000","362989","1440","1000","4","true","^close$","PUBLIC","MISSING_CURRENT_STATE","1","waitForText unavailable: locator.waitFor: Timeout 10000ms exceeded.","","","Popup action: ^close$."
"chess-38-board-queued-premove","chess","desktop","board","queued premove","https://www.chess.com/play/computer","https://www.chess.com/play/computer","Play Chess Online Against the Computer - Chess.com","chess-38-board-queued-premove.png","C:\Users\Administrator\Documents\MEGA\tkgd\PA2\capture-work\chess\desktop\chess-38-board-queued-premove.png","2026-07-30 15:33:19 +07:00","1440","1000","480818","1440","1000","4","true","^close$","PUBLIC","MISSING_CURRENT_STATE","1","waitForText unavailable: locator.waitFor: Timeout 10000ms exceeded.","","","Popup action: ^close$."
"chess-39-premove-clear-state","chess","desktop","board","premove cleared","https://www.chess.com/play/computer","https://www.chess.com/play/computer","Play Chess Online Against the Computer - Chess.com","chess-39-premove-clear-state.png","C:\Users\Administrator\Documents\MEGA\tkgd\PA2\capture-work\chess\desktop\chess-39-premove-clear-state.png","2026-07-30 15:33:57 +07:00","1440","1000","375063","1440","1000","4","true","^close$","PUBLIC","MISSING_CURRENT_STATE","1","waitForText unavailable: locator.waitFor: Timeout 10000ms exceeded.","","","Popup action: ^close$."
"chess-40-focus-mode-control","chess","desktop","board controls","Focus Mode control","https://www.chess.com/play/computer","https://www.chess.com/play/computer","Play Chess Online Against the Computer - Chess.com","chess-40-focus-mode-control.png","C:\Users\Administrator\Documents\MEGA\tkgd\PA2\capture-work\chess\desktop\chess-40-focus-mode-control.png","2026-07-30 15:34:36 +07:00","1440","1000","363176","1440","1000","4","true","^close$","PUBLIC","MISSING_CURRENT_STATE","1","waitForText unavailable: locator.waitFor: Timeout 10000ms exceeded.","","","Popup action: ^close$."
"chess-41-focus-mode-hover","chess","desktop","board controls","Focus Mode hover","https://www.chess.com/play/computer","https://www.chess.com/play/computer","Play Chess Online Against the Computer - Chess.com","chess-41-focus-mode-hover.png","C:\Users\Administrator\Documents\MEGA\tkgd\PA2\capture-work\chess\desktop\chess-41-focus-mode-hover.png","2026-07-30 15:35:13 +07:00","1440","1000","472891","1440","1000","4","true","^close$","PUBLIC","MISSING_CURRENT_STATE","1","hover unavailable: locator.hover: Timeout 8000ms exceeded.","","","Popup action: ^close$."
"chess-42-focus-mode-tooltip","chess","desktop","board controls","Focus Mode tooltip","https://www.chess.com/play/computer","https://www.chess.com/play/computer","Play Chess Online Against the Computer - Chess.com","chess-42-focus-mode-tooltip.png","C:\Users\Administrator\Documents\MEGA\tkgd\PA2\capture-work\chess\desktop\chess-42-focus-mode-tooltip.png","2026-07-30 15:35:49 +07:00","1440","1000","366549","1440","1000","4","true","^close$","PUBLIC","MISSING_CURRENT_STATE","1","hover unavailable: locator.hover: Timeout 8000ms exceeded.","","","Popup action: ^close$."
"chess-43-focus-mode-enabled","chess","desktop","board","Focus Mode enabled","https://www.chess.com/play/computer","https://www.chess.com/play/computer","Play Chess Online Against the Computer - Chess.com","chess-43-focus-mode-enabled.png","C:\Users\Administrator\Documents\MEGA\tkgd\PA2\capture-work\chess\desktop\chess-43-focus-mode-enabled.png","2026-07-30 15:36:26 +07:00","1440","1000","436270","1440","1000","4","true","^close$","PUBLIC","MISSING_CURRENT_STATE","1","clickRole unavailable: locator.waitFor: Timeout 8000ms exceeded.","","","Popup action: ^close$."
"chess-44-focus-mode-settings-shortcut","chess","desktop","board settings","Focus Mode shortcut","https://www.chess.com/play/computer","https://www.chess.com/play/computer","Play Chess Online Against the Computer - Chess.com","chess-44-focus-mode-settings-shortcut.png","C:\Users\Administrator\Documents\MEGA\tkgd\PA2\capture-work\chess\desktop\chess-44-focus-mode-settings-shortcut.png","2026-07-30 15:37:05 +07:00","1440","1000","473077","1440","1000","4","true","^close$","PUBLIC","MISSING_CURRENT_STATE","1","waitForText unavailable: locator.waitFor: Timeout 10000ms exceeded.","","","Popup action: ^close$."
"chess-45-returning-user-home","chess","desktop","homepage","returning user if session exists","https://www.chess.com/","","","","","2026-07-30 15:37:06 +07:00","","","","","","","","None","LOGIN_REQUIRED","BLOCKED","1","No existing authenticated session was available.","","","The target requires an existing authenticated session."
"chess-46-recent-task-shortcuts","chess","desktop","homepage","recent-task shortcuts if session exists","https://www.chess.com/","","","","","2026-07-30 15:37:06 +07:00","","","","","","","","None","LOGIN_REQUIRED","BLOCKED","1","No existing authenticated session was available.","","","The target requires an existing authenticated session."
"chess-51-account-prompt-natural","chess","desktop","account prompt","naturally appeared","https://www.chess.com/play/online","https://www.chess.com/play/online","Play Chess Online for FREE - 2 Player Chess - Chess.com","chess-51-account-prompt-natural.png","C:\Users\Administrator\Documents\MEGA\tkgd\PA2\capture-work\chess\desktop\chess-51-account-prompt-natural.png","2026-07-30 15:37:44 +07:00","1440","1000","292681","1440","1000","4","true","None","PUBLIC","MISSING_CURRENT_STATE","1","waitForText unavailable: locator.waitFor: Timeout 10000ms exceeded.","","",""
"chess-52-cookie-banner-natural","chess","desktop","cookie banner","naturally appeared","https://www.chess.com/","https://www.chess.com/","Chess.com - Play Chess Online - Free Games","chess-52-cookie-banner-natural.png","C:\Users\Administrator\Documents\MEGA\tkgd\PA2\capture-work\chess\desktop\chess-52-cookie-banner-natural.png","2026-07-30 15:38:08 +07:00","1440","3920","1108202","1440","3920","4","true","None","PUBLIC","MISSING_CURRENT_STATE","1","No target actions","","",""
"chess-53-ad-panel-natural","chess","desktop","ad panel","naturally appeared","https://www.chess.com/","https://www.chess.com/","Chess.com - Play Chess Online - Free Games","chess-53-ad-panel-natural.png","C:\Users\Administrator\Documents\MEGA\tkgd\PA2\capture-work\chess\desktop\chess-53-ad-panel-natural.png","2026-07-30 15:38:43 +07:00","1440","3920","1129797","1440","3920","4","true","None","PUBLIC","MISSING_CURRENT_STATE","1","waitForText unavailable: locator.waitFor: Timeout 10000ms exceeded.","","",""
"chess-03-homepage-mobile","chess","mobile","homepage","default","https://www.chess.com/","https://www.chess.com/","Chess.com - Play Chess Online - Free Games","chess-03-homepage-mobile.png","C:\Users\Administrator\Documents\MEGA\tkgd\PA2\capture-work\chess\mobile\chess-03-homepage-mobile.png","2026-07-30 15:39:43 +07:00","390","3679","448629","390","3679","4","true","None","PUBLIC","SUCCESS","1","","C-08","",""
"chess-04-mobile-navigation-open","chess","mobile","navigation","menu open","https://www.chess.com/","https://www.chess.com/","Chess.com - Play Chess Online - Free Games","chess-04-mobile-navigation-open.png","C:\Users\Administrator\Documents\MEGA\tkgd\PA2\capture-work\chess\mobile\chess-04-mobile-navigation-open.png","2026-07-30 15:40:16 +07:00","390","3679","454177","390","3679","4","true","None","PUBLIC","MISSING_CURRENT_STATE","1","clickRole unavailable: locator.waitFor: Timeout 8000ms exceeded.","C-06M","",""
"chess-47-play-mobile","chess","mobile","Play","mobile","https://www.chess.com/play/online","https://www.chess.com/play/online","Play Chess Online for FREE - 2 Player Chess - Chess.com","chess-47-play-mobile.png","C:\Users\Administrator\Documents\MEGA\tkgd\PA2\capture-work\chess\mobile\chess-47-play-mobile.png","2026-07-30 15:40:41 +07:00","390","1072","76732","390","1072","4","true","None","PUBLIC","SUCCESS","1","","","C-UC1",""
"chess-48-puzzle-mobile","chess","mobile","Puzzle","mobile","https://www.chess.com/puzzles","https://www.chess.com/puzzles","Chess Puzzles - 500k+ Problems to Improve Your Tactics - Chess.com","chess-48-puzzle-mobile.png","C:\Users\Administrator\Documents\MEGA\tkgd\PA2\capture-work\chess\mobile\chess-48-puzzle-mobile.png","2026-07-30 15:41:09 +07:00","390","844","187811","390","844","4","true","^close$","PUBLIC","SUCCESS","1","","","C-UC2","Popup action: ^close$."
"chess-49-lessons-mobile","chess","mobile","Lessons","mobile","https://www.chess.com/lessons","https://www.chess.com/lessons","Chess Lessons - Learn with Online Courses - Chess.com","chess-49-lessons-mobile.png","C:\Users\Administrator\Documents\MEGA\tkgd\PA2\capture-work\chess\mobile\chess-49-lessons-mobile.png","2026-07-30 15:41:40 +07:00","390","11805","2591875","390","11805","13","true","^close$","PUBLIC","SUCCESS","1","","","C-UC3","Popup action: ^close$."
"chess-50-active-game-mobile","chess","mobile","board","active game mobile","https://www.chess.com/play/computer","https://www.chess.com/play/computer","Play Chess Online Against the Computer - Chess.com","chess-50-active-game-mobile.png","C:\Users\Administrator\Documents\MEGA\tkgd\PA2\capture-work\chess\mobile\chess-50-active-game-mobile.png","2026-07-30 15:42:07 +07:00","390","1332","133636","390","1332","4","true","^close$","PUBLIC","SUCCESS","1","","C-07","","Popup action: ^close$."
