product,pa1_finding,pa2_finding,pa2_evidence_id,pa2_use_case,pa3_alternative,pa3_test_finding,pa3_improvement_id,pa4_ui_element,pa4_interaction,pa4_summative_task,validation_status
FIFA,Ticket planning needs consolidated decision confidence,Ticket status clarity and safe next action,F2-E09,F-UC02/F-UC03,Alt 1 Status Dashboard,Pending meaning and next step were under-specified across R1-R5,F-IMP-01/F-IMP-02,Current Status card with Pending definition owner and expected timing,Toggle explanation; select pending or confirmed event; refresh status,FIFA-T1,IMPLEMENTED - browser QA
FIFA,Ticket planning needs consolidated decision confidence,Direct ticket actions should remain adjacent to status,F2-E09,F-UC02,Alt 1 Status Dashboard,View Tickets and Transfer Tickets were findable but needed tighter action grouping,F-IMP-03,Common Actions row beside the event list,Open order; open ticket detail; add calendar; start transfer preview,FIFA-T2,IMPLEMENTED - browser QA
FIFA,Outbound routes need trust context,Handoff needs partner identity and a return path,F2-E09/F2-E10/F2-E11,F-UC05/F-UC06,Alt 1 Status Dashboard,No visible pre-leave message explained the external service or return path,F-IMP-04,Before you leave FIFA.com modal with destination and preserved context,Stay; continue to partner boundary; return to dashboard,FIFA-T3/FIFA-T4,IMPLEMENTED - browser QA
FIFA,Mobile browsing loses overview,Status-first hierarchy must survive narrow layouts,F2-E02/F2-E03/F2-E04,F-UC01/F-UC06,Alt 1 Status Dashboard,Mobile overview was dense and source/freshness was page-level,F-IMP-08,Responsive status card and stacked event/action layout,Open dashboard at 390px; use actions without horizontal scroll,FIFA-T1/FIFA-T4,IMPLEMENTED - browser QA
Chess,Analysis entry creates high recall demand,Beginner Review should be an explicit low-vocabulary entry,C2-E10,C-UC01/C-UC02,Alt 1 Beginner Review Flow,Review opened at step 2 without a clear start/restart cue,C-IMP-02,Start Beginner Review intro state with one recommended first action,Start review; optional Full Analysis stays secondary,CHESS-T1,IMPLEMENTED - browser QA
Chess,Learning and analysis lack a beginner bridge,Plain-language explanation must precede advanced analysis,C2-E08/C2-E10,C-UC03/C-UC05,Alt 1 Beginner Review Flow,Notation and terms needed interpretation,C-IMP-01,Mistake callout and Why this matters card,Read explanation; open glossary; reveal better move,CHESS-T2,IMPLEMENTED - browser QA
Chess,Practice is disconnected from review,Practice should remain adjacent and relevant,C2-E05/C2-E07/C2-E10,C-UC06,Alt 1 Beginner Review Flow,Practice this idea was a strength but needed persistent continuity,C-IMP-03,Practice this idea card with explicit rationale,Enter practice; complete practice; return to review,CHESS-T4,IMPLEMENTED - browser QA
Chess,Users need recoverable experimentation,Try feedback should preserve the original game context,C2-E10,C-UC04/C-UC06,Alt 1 Beginner Review Flow,Reviewers needed a visible result after Try this move,C-IMP-04,Source-to-destination trial with correct and incorrect feedback,Try the safer queen move; retry after a wrong destination; continue,CHESS-T3,IMPLEMENTED - browser QA + scenario validation
Chess,Advanced detail increases beginner load,One mistake at a time reduces memory burden,C2-E10,C-UC03/C-UC05,Alt 1 Beginner Review Flow,Guided sequence was preferred over a choice-heavy card grid,C-IMP-08,Three-step progress rail and single learning moment,Move from mistake to better move to practice without losing context,CHESS-T2/CHESS-T4,IMPLEMENTED - browser QA
